log_id,employee_id,timestamp,activity_type,details
1,3,2024-12-01 12:59:52,enter_restricted_area,Maintain social wish scene.
2,14,2024-12-02 02:31:32,access_file,Before interview break him authority.
3,8,2024-12-01 18:03:01,access_file,The group above inside among brother new level.
4,4,2024-12-01 06:20:58,enter_restricted_area,Woman hospital deal top research nor nation movie.
5,15,2024-12-01 19:36:27,logout,Heart imagine near opportunity population cultural event western.
6,10,2024-12-01 03:14:11,enter_restricted_area,Under pay use.
7,16,2024-12-01 15:31:21,login,Red point bit daughter it cell.
8,13,2024-12-01 23:03:16,enter_restricted_area,Standard along every safe western.
9,10,2024-12-01 20:58:49,logout,Win certain significant production.
10,18,2024-12-02 09:05:31,enter_restricted_area,Particular down foreign dinner religious.
11,2,2024-12-02 07:27:25,login,Air chance thus Republican seat right test.
12,8,2024-12-01 14:33:52,login,Actually two security night technology case never.
13,3,2024-12-01 03:29:39,enter_restricted_area,Keep ever quickly trial series.
14,11,2024-12-02 12:59:42,logout,Eat hospital improve do goal here.
15,15,2024-12-01 07:42:12,login,Serve quite cause event meet yes.
16,11,2024-12-01 07:40:55,access_file,Color senior no enjoy find establish it.
17,6,2024-12-01 20:21:55,logout,Five dark tonight push speech.
18,12,2024-12-01 02:40:05,enter_restricted_area,Fund lay anyone wall.
19,11,2024-12-01 07:24:02,login,Skin positive kind minute.
20,17,2024-12-01 20:47:07,login,Effort spring upon skill imagine successful as.
21,11,2024-12-01 08:51:51,login,Own model both administration party summer two.
22,10,2024-12-01 10:34:43,login,None impact onto medical each when go.
23,12,2024-12-02 00:52:40,enter_restricted_area,Development avoid would training.
24,11,2024-12-01 17:02:26,login,Bed station strategy doctor sign plant institution.
25,16,2024-12-01 02:29:19,enter_restricted_area,Movement off window.
26,13,2024-12-01 07:41:29,logout,Enough effort live order day religious involve.
27,16,2024-12-02 00:02:42,enter_restricted_area,Improve citizen yourself worker question assume management.
28,9,2024-12-01 06:52:07,login,Town must garden share should much guy.
29,8,2024-12-01 17:11:43,enter_restricted_area,Collection best bar interest he quickly police.
30,10,2024-12-02 01:57:43,logout,Public your several well.
31,7,2024-12-02 09:49:03,login,Cold thing describe crime growth while Republican.
32,9,2024-12-02 06:35:57,logout,Draw quite son strong start dark.
33,5,2024-12-01 21:57:39,login,News manager population kid amount.
34,15,2024-12-01 02:47:17,login,Hair business form start boy one become.
35,20,2024-12-01 19:00:16,login,Provide item sea physical sure research.
36,19,2024-12-02 12:58:33,logout,Still figure task own enjoy.
37,14,2024-12-01 07:07:10,logout,Organization girl officer fast.
38,2,2024-12-02 00:27:32,access_file,Seat arm tonight foot site various item.
39,13,2024-12-01 12:11:09,logout,Apply main series someone son official reduce capital.
40,12,2024-12-02 03:14:08,access_file,Child that agreement wear.
41,2,2024-12-01 03:23:58,logout,In amount left treat.
42,8,2024-12-01 06:57:48,login,Rather heavy performance ground.
43,19,2024-12-01 22:53:43,login,Laugh offer or chair idea sister onto including.
44,19,2024-12-02 00:04:28,logout,Suffer determine as general usually group education.
45,2,2024-12-01 01:41:41,access_file,Anything crime chance catch.
46,4,2024-12-01 10:09:15,login,Hotel middle produce government.
47,20,2024-12-02 10:35:25,login,Mother mention generation feeling peace woman president.
48,8,2024-12-01 18:04:55,enter_restricted_area,Miss while set develop on agency also travel.
49,16,2024-12-01 14:15:02,enter_restricted_area,Coach can apply need by.
50,17,2024-12-01 10:15:13,logout,Issue avoid lot country surface month everything.
51,6,2024-12-01 20:18:52,enter_restricted_area,Part black piece raise blood loss oil picture.
52,13,2024-12-01 18:53:43,logout,The safe score draw have watch long.
53,11,2024-12-01 08:00:24,access_file,Consider change include choice tough your.
54,8,2024-12-01 23:33:33,logout,Heavy many find morning thousand home knowledge thing.
55,16,2024-12-01 20:09:06,login,Certain really mention tell camera result.
56,8,2024-12-01 20:00:11,enter_restricted_area,Look hold week.
57,3,2024-12-01 23:14:43,enter_restricted_area,Life wall hour later end.
58,15,2024-12-01 09:54:30,enter_restricted_area,Floor look present defense the protect everything thank.
59,20,2024-12-02 00:23:39,enter_restricted_area,Own such state student young front.
60,1,2024-12-02 00:38:56,access_file,Memory always get song camera look face.
61,1,2024-12-01 08:04:23,access_file,Near degree prepare rather law.
62,10,2024-12-01 17:22:17,login,Challenge painting hope work might hospital carry drug.
63,9,2024-12-01 07:14:43,enter_restricted_area,Start ball before fast focus.
64,1,2024-12-02 07:08:56,access_file,After record age audience.
65,1,2024-12-01 08:37:14,login,Debate fine sister.
66,9,2024-12-01 19:45:56,access_file,Medical try son sort accept road current simply.
67,14,2024-12-02 05:04:11,enter_restricted_area,Such better board woman probably significant question.
68,11,2024-12-01 05:03:00,login,North physical people yard success medical.
69,10,2024-12-01 09:45:00,login,Hotel several ball yes serve everything.
70,7,2024-12-02 04:43:31,logout,Positive big month so say off standard.
71,5,2024-12-01 11:21:36,enter_restricted_area,Debate anything article inside land cause.
72,2,2024-12-01 04:01:59,logout,Sea matter month control no full.
73,1,2024-12-01 03:39:34,login,Senior let easy skill avoid anyone sometimes thank.
74,9,2024-12-01 14:23:15,enter_restricted_area,Especially friend street become degree tax.
75,7,2024-12-02 11:26:40,login,Send control responsibility black institution adult.
76,19,2024-12-01 22:26:35,login,Soon former outside painting case goal industry.
77,7,2024-12-01 07:04:17,login,Begin you buy data magazine late deal.
78,5,2024-12-02 12:06:09,enter_restricted_area,Activity church matter view sound former here.
79,7,2024-12-02 03:18:18,login,Name rate late health.
80,3,2024-12-01 04:08:13,access_file,Majority possible customer.
81,10,2024-12-02 13:51:38,logout,Claim pressure item us.
82,20,2024-12-01 14:16:41,enter_restricted_area,Serious adult expert.
83,6,2024-12-01 03:30:59,logout,Experience arrive measure peace.
84,19,2024-12-01 05:55:51,logout,Issue shake indicate light.
85,7,2024-12-01 19:57:37,logout,Involve poor coach.
86,19,2024-12-01 17:44:33,enter_restricted_area,You share region put.
87,17,2024-12-02 04:24:42,access_file,Consider newspaper animal.
88,10,2024-12-02 09:19:35,enter_restricted_area,Across let democratic financial sort politics.
89,6,2024-12-01 03:44:07,logout,Information edge or son.
90,3,2024-12-01 06:32:37,access_file,Significant major character trip.
91,16,2024-12-02 12:13:33,enter_restricted_area,Tonight just interest carry.
92,14,2024-12-01 04:52:15,enter_restricted_area,I by team at decision how wait.
93,18,2024-12-01 05:37:15,login,Store myself lead forward model hope similar full.
94,5,2024-12-02 13:31:51,login,Knowledge us for gun them will month.
95,8,2024-12-01 13:31:52,enter_restricted_area,Design whose design phone will.
96,17,2024-12-02 01:44:46,access_file,Decision like east once forward.
97,20,2024-12-01 22:42:49,logout,Window trouble see history explain indeed like it.
98,11,2024-12-02 00:41:51,login,Wish party trade tax.
99,19,2024-12-01 03:57:48,enter_restricted_area,Democratic nothing choice myself wall line.
100,16,2024-12-02 05:43:19,enter_restricted_area,Simply even general middle while air prepare.
